Image_URL,Alt_Text,HTML_Snippet,Context
https://codia-f2c.s3.us-west-1.amazonaws.com/image/2025-07-26/nLqr2JveAt.png,Professional bookkeeping services hero image showcasing financial expertise and business growth,"<img src=""https://codia-f2c.s3.us-west-1.amazonaws.com/image/2025-07-26/nLqr2JveAt.png"" alt=""Professional bookkeeping services hero image showcasing financial expertise and business growth"" loading=""lazy"" width=""800"" height=""600"" />",Hero/Banner Image
https://codia-f2c.s3.us-west-1.amazonaws.com/image/2025-07-26/DBwZjXhgMZ.png,Small business financial management and accounting solutions for entrepreneurs,"<img src=""https://codia-f2c.s3.us-west-1.amazonaws.com/image/2025-07-26/DBwZjXhgMZ.png"" alt=""Small business financial management and accounting solutions for entrepreneurs"" loading=""lazy"" width=""600"" height=""400"" />",Service Feature Image
/img/home/build-img.png,Business growth and financial planning services for small companies,"<img src=""/img/home/build-img.png"" alt=""Business growth and financial planning services for small companies"" loading=""lazy"" width=""500"" height=""400"" />",Homepage Feature
/img/home/build-img_2.png,Professional accounting team building strong financial foundations for businesses,"<img src=""/img/home/build-img_2.png"" alt=""Professional accounting team building strong financial foundations for businesses"" loading=""lazy"" width=""500"" height=""400"" />",Homepage Feature
https://codia-f2c.s3.us-west-1.amazonaws.com/image/2025-07-26/o3wBK4j2pv.png,Comprehensive financial reporting and business analytics dashboard for decision making,"<img src=""https://codia-f2c.s3.us-west-1.amazonaws.com/image/2025-07-26/o3wBK4j2pv.png"" alt=""Comprehensive financial reporting and business analytics dashboard for decision making"" loading=""lazy"" width=""600"" height=""400"" />",Financial Reporting Feature
https://codia-f2c.s3.us-west-1.amazonaws.com/image/2025-07-26/rFsJfGuGEL.png,Cash flow management tools and working capital optimization for business success,"<img src=""https://codia-f2c.s3.us-west-1.amazonaws.com/image/2025-07-26/rFsJfGuGEL.png"" alt=""Cash flow management tools and working capital optimization for business success"" loading=""lazy"" width=""600"" height=""400"" />",Cash Flow Management
https://codia-f2c.s3.us-west-1.amazonaws.com/image/2025-07-26/t81ZYCJ4VX.png,Temporary CFO services providing strategic financial leadership for growing businesses,"<img src=""https://codia-f2c.s3.us-west-1.amazonaws.com/image/2025-07-26/t81ZYCJ4VX.png"" alt=""Temporary CFO services providing strategic financial leadership for growing businesses"" loading=""lazy"" width=""600"" height=""400"" />",Temporary CFO Service
https://codia-f2c.s3.us-west-1.amazonaws.com/image/2025-07-26/zoF6yoeuyV.png,Five-star rating icon for excellent bookkeeping service reviews and client satisfaction,"<img src=""https://codia-f2c.s3.us-west-1.amazonaws.com/image/2025-07-26/zoF6yoeuyV.png"" alt=""Five-star rating icon for excellent bookkeeping service reviews and client satisfaction"" width=""16"" height=""16"" />",Star Rating Icon
https://codia-f2c.s3.us-west-1.amazonaws.com/image/2025-07-26/DtcLdShOAd.png,Gold star rating for professional financial services and accounting excellence,"<img src=""https://codia-f2c.s3.us-west-1.amazonaws.com/image/2025-07-26/DtcLdShOAd.png"" alt=""Gold star rating for professional financial services and accounting excellence"" width=""16"" height=""16"" />",Star Rating Icon
https://codia-f2c.s3.us-west-1.amazonaws.com/image/2025-07-26/O7TNJ9vJUT.png,Client satisfaction star rating for bookkeeping and payroll services quality,"<img src=""https://codia-f2c.s3.us-west-1.amazonaws.com/image/2025-07-26/O7TNJ9vJUT.png"" alt=""Client satisfaction star rating for bookkeeping and payroll services quality"" width=""16"" height=""16"" />",Star Rating Icon
https://codia-f2c.s3.us-west-1.amazonaws.com/image/2025-07-26/onOKwaqXvi.png,Professional service excellence star for financial reporting and business analytics,"<img src=""https://codia-f2c.s3.us-west-1.amazonaws.com/image/2025-07-26/onOKwaqXvi.png"" alt=""Professional service excellence star for financial reporting and business analytics"" width=""16"" height=""16"" />",Star Rating Icon
https://codia-f2c.s3.us-west-1.amazonaws.com/image/2025-07-26/7hkqwyy1x1.png,Premium quality rating star for cash flow management and CFO services,"<img src=""https://codia-f2c.s3.us-west-1.amazonaws.com/image/2025-07-26/7hkqwyy1x1.png"" alt=""Premium quality rating star for cash flow management and CFO services"" width=""16"" height=""16"" />",Star Rating Icon
https://codia-f2c.s3.us-west-1.amazonaws.com/image/2025-07-26/zoF6yoeuyV.png,Five-star client testimonial rating for outstanding bookkeeping service experience,"<img src=""https://codia-f2c.s3.us-west-1.amazonaws.com/image/2025-07-26/zoF6yoeuyV.png"" alt=""Five-star client testimonial rating for outstanding bookkeeping service experience"" width=""16"" height=""16"" />",Testimonial Star Rating
https://codia-f2c.s3.us-west-1.amazonaws.com/image/2025-07-26/DtcLdShOAd.png,Excellent service rating star for financial management and accounting solutions,"<img src=""https://codia-f2c.s3.us-west-1.amazonaws.com/image/2025-07-26/DtcLdShOAd.png"" alt=""Excellent service rating star for financial management and accounting solutions"" width=""16"" height=""16"" />",Testimonial Star Rating
https://codia-f2c.s3.us-west-1.amazonaws.com/image/2025-07-26/O7TNJ9vJUT.png,Top-rated financial services star for small business accounting success,"<img src=""https://codia-f2c.s3.us-west-1.amazonaws.com/image/2025-07-26/O7TNJ9vJUT.png"" alt=""Top-rated financial services star for small business accounting success"" width=""16"" height=""16"" />",Testimonial Star Rating
https://codia-f2c.s3.us-west-1.amazonaws.com/image/2025-07-26/onOKwaqXvi.png,High-quality service rating for payroll assistance and employee payment solutions,"<img src=""https://codia-f2c.s3.us-west-1.amazonaws.com/image/2025-07-26/onOKwaqXvi.png"" alt=""High-quality service rating for payroll assistance and employee payment solutions"" width=""16"" height=""16"" />",Testimonial Star Rating
https://codia-f2c.s3.us-west-1.amazonaws.com/image/2025-07-26/7hkqwyy1x1.png,Superior rating star for comprehensive financial planning and business growth services,"<img src=""https://codia-f2c.s3.us-west-1.amazonaws.com/image/2025-07-26/7hkqwyy1x1.png"" alt=""Superior rating star for comprehensive financial planning and business growth services"" width=""16"" height=""16"" />",Testimonial Star Rating
https://codia-f2c.s3.us-west-1.amazonaws.com/image/2025-07-26/zoF6yoeuyV.png,Perfect five-star review rating for professional bookkeeping and accounting expertise,"<img src=""https://codia-f2c.s3.us-west-1.amazonaws.com/image/2025-07-26/zoF6yoeuyV.png"" alt=""Perfect five-star review rating for professional bookkeeping and accounting expertise"" width=""16"" height=""16"" />",Review Star Rating
https://codia-f2c.s3.us-west-1.amazonaws.com/image/2025-07-26/DtcLdShOAd.png,Outstanding service quality star for financial reporting and business analytics,"<img src=""https://codia-f2c.s3.us-west-1.amazonaws.com/image/2025-07-26/DtcLdShOAd.png"" alt=""Outstanding service quality star for financial reporting and business analytics"" width=""16"" height=""16"" />",Review Star Rating
https://codia-f2c.s3.us-west-1.amazonaws.com/image/2025-07-26/O7TNJ9vJUT.png,Exceptional client satisfaction star for cash flow management and financial planning,"<img src=""https://codia-f2c.s3.us-west-1.amazonaws.com/image/2025-07-26/O7TNJ9vJUT.png"" alt=""Exceptional client satisfaction star for cash flow management and financial planning"" width=""16"" height=""16"" />",Review Star Rating
https://codia-f2c.s3.us-west-1.amazonaws.com/image/2025-07-26/onOKwaqXvi.png,Premium service excellence star for temporary CFO and strategic financial leadership,"<img src=""https://codia-f2c.s3.us-west-1.amazonaws.com/image/2025-07-26/onOKwaqXvi.png"" alt=""Premium service excellence star for temporary CFO and strategic financial leadership"" width=""16"" height=""16"" />",Review Star Rating
https://codia-f2c.s3.us-west-1.amazonaws.com/image/2025-07-26/7hkqwyy1x1.png,Top-tier rating star for comprehensive small business financial services and support,"<img src=""https://codia-f2c.s3.us-west-1.amazonaws.com/image/2025-07-26/7hkqwyy1x1.png"" alt=""Top-tier rating star for comprehensive small business financial services and support"" width=""16"" height=""16"" />",Review Star Rating
https://codia-f2c.s3.us-west-1.amazonaws.com/image/2025-07-26/zoF6yoeuyV.png,Maximum five-star rating for trusted bookkeeping services and client success stories,"<img src=""https://codia-f2c.s3.us-west-1.amazonaws.com/image/2025-07-26/zoF6yoeuyV.png"" alt=""Maximum five-star rating for trusted bookkeeping services and client success stories"" width=""16"" height=""16"" />",Client Success Star
https://codia-f2c.s3.us-west-1.amazonaws.com/image/2025-07-26/DtcLdShOAd.png,Excellent performance star for payroll processing and employee payment solutions,"<img src=""https://codia-f2c.s3.us-west-1.amazonaws.com/image/2025-07-26/DtcLdShOAd.png"" alt=""Excellent performance star for payroll processing and employee payment solutions"" width=""16"" height=""16"" />",Client Success Star
https://codia-f2c.s3.us-west-1.amazonaws.com/image/2025-07-26/O7TNJ9vJUT.png,Superior quality star rating for financial management and business growth solutions,"<img src=""https://codia-f2c.s3.us-west-1.amazonaws.com/image/2025-07-26/O7TNJ9vJUT.png"" alt=""Superior quality star rating for financial management and business growth solutions"" width=""16"" height=""16"" />",Client Success Star
https://codia-f2c.s3.us-west-1.amazonaws.com/image/2025-07-26/onOKwaqXvi.png,Professional excellence star for accounting services and financial reporting accuracy,"<img src=""https://codia-f2c.s3.us-west-1.amazonaws.com/image/2025-07-26/onOKwaqXvi.png"" alt=""Professional excellence star for accounting services and financial reporting accuracy"" width=""16"" height=""16"" />",Client Success Star
https://codia-f2c.s3.us-west-1.amazonaws.com/image/2025-07-26/7hkqwyy1x1.png,Outstanding service delivery star for comprehensive financial solutions and business support,"<img src=""https://codia-f2c.s3.us-west-1.amazonaws.com/image/2025-07-26/7hkqwyy1x1.png"" alt=""Outstanding service delivery star for comprehensive financial solutions and business support"" width=""16"" height=""16"" />",Client Success Star
https://codia-f2c.s3.us-west-1.amazonaws.com/image/2025-07-26/zoF6yoeuyV.png,Perfect client satisfaction star for expert bookkeeping and financial management services,"<img src=""https://codia-f2c.s3.us-west-1.amazonaws.com/image/2025-07-26/zoF6yoeuyV.png"" alt=""Perfect client satisfaction star for expert bookkeeping and financial management services"" width=""16"" height=""16"" />",Service Quality Star
https://codia-f2c.s3.us-west-1.amazonaws.com/image/2025-07-26/DtcLdShOAd.png,High-performance rating star for cash flow optimization and working capital management,"<img src=""https://codia-f2c.s3.us-west-1.amazonaws.com/image/2025-07-26/DtcLdShOAd.png"" alt=""High-performance rating star for cash flow optimization and working capital management"" width=""16"" height=""16"" />",Service Quality Star
https://codia-f2c.s3.us-west-1.amazonaws.com/image/2025-07-26/O7TNJ9vJUT.png,Exceptional service star for temporary CFO services and strategic business planning,"<img src=""https://codia-f2c.s3.us-west-1.amazonaws.com/image/2025-07-26/O7TNJ9vJUT.png"" alt=""Exceptional service star for temporary CFO services and strategic business planning"" width=""16"" height=""16"" />",Service Quality Star
https://codia-f2c.s3.us-west-1.amazonaws.com/image/2025-07-26/onOKwaqXvi.png,Premium quality assurance star for professional accounting and financial consulting services,"<img src=""https://codia-f2c.s3.us-west-1.amazonaws.com/image/2025-07-26/onOKwaqXvi.png"" alt=""Premium quality assurance star for professional accounting and financial consulting services"" width=""16"" height=""16"" />",Service Quality Star
https://codia-f2c.s3.us-west-1.amazonaws.com/image/2025-07-26/7hkqwyy1x1.png,Top-rated excellence star for comprehensive small business finance and accounting solutions,"<img src=""https://codia-f2c.s3.us-west-1.amazonaws.com/image/2025-07-26/7hkqwyy1x1.png"" alt=""Top-rated excellence star for comprehensive small business finance and accounting solutions"" width=""16"" height=""16"" />",Service Quality Star
https://codia-f2c.s3.us-west-1.amazonaws.com/image/2025-07-26/zoF6yoeuyV.png,Ultimate five-star rating for trusted financial services and business growth partnership,"<img src=""https://codia-f2c.s3.us-west-1.amazonaws.com/image/2025-07-26/zoF6yoeuyV.png"" alt=""Ultimate five-star rating for trusted financial services and business growth partnership"" width=""16"" height=""16"" />",Partnership Excellence Star
https://codia-f2c.s3.us-west-1.amazonaws.com/image/2025-07-26/DtcLdShOAd.png,Superior partnership star for reliable bookkeeping and ongoing financial support services,"<img src=""https://codia-f2c.s3.us-west-1.amazonaws.com/image/2025-07-26/DtcLdShOAd.png"" alt=""Superior partnership star for reliable bookkeeping and ongoing financial support services"" width=""16"" height=""16"" />",Partnership Excellence Star
https://codia-f2c.s3.us-west-1.amazonaws.com/image/2025-07-26/O7TNJ9vJUT.png,Excellence in service star for long-term financial planning and business advisory services,"<img src=""https://codia-f2c.s3.us-west-1.amazonaws.com/image/2025-07-26/O7TNJ9vJUT.png"" alt=""Excellence in service star for long-term financial planning and business advisory services"" width=""16"" height=""16"" />",Partnership Excellence Star
https://codia-f2c.s3.us-west-1.amazonaws.com/image/2025-07-26/onOKwaqXvi.png,Outstanding partnership star for dedicated financial management and accounting expertise,"<img src=""https://codia-f2c.s3.us-west-1.amazonaws.com/image/2025-07-26/onOKwaqXvi.png"" alt=""Outstanding partnership star for dedicated financial management and accounting expertise"" width=""16"" height=""16"" />",Partnership Excellence Star
https://codia-f2c.s3.us-west-1.amazonaws.com/image/2025-07-26/7hkqwyy1x1.png,Premium partnership excellence star for comprehensive financial solutions and business success,"<img src=""https://codia-f2c.s3.us-west-1.amazonaws.com/image/2025-07-26/7hkqwyy1x1.png"" alt=""Premium partnership excellence star for comprehensive financial solutions and business success"" width=""16"" height=""16"" />",Partnership Excellence Star
/img/footer-logo.svg,Finkeepers professional bookkeeping and financial services company logo,"<img src=""/img/footer-logo.svg"" alt=""Finkeepers professional bookkeeping and financial services company logo"" width=""150"" height=""50"" />",Company Logo