URL,Old_Title,New_Title,Old_Description,New_Description,New_Canonical,Schema_Added
https://finkeepers.us/,Finkeepers,Professional Bookkeeping Services | Small Business Finance | Finkeepers,Basic description,Expert bookkeeping financial reporting & payroll services for small businesses. Streamline your finances with Finkeepers' professional accounting solutions.,https://finkeepers.us/,Organization + WebSite
https://finkeepers.us/book-keeping,Book-keeping Services,Expert Bookkeeping Services | Small Business Accounting | Finkeepers,Generic bookkeeping info,Professional bookkeeping services for small businesses. Accurate financial records expense tracking & monthly reports. Get organized finances today.,https://finkeepers.us/book-keeping,Service + LocalBusiness
https://finkeepers.us/financial-reporting,Financial Reporting,Financial Reporting Services | Business Analytics | Finkeepers,Basic reporting info,Comprehensive financial reporting & business analytics. Monthly statements cash flow analysis & performance insights for informed decision-making.,https://finkeepers.us/financial-reporting,Service + FinancialService
https://finkeepers.us/payroll-assistance,Payroll Services,Payroll Services | Employee Payment Solutions | Finkeepers,Simple payroll description,Streamlined payroll processing & employee payment solutions. Tax compliance direct deposits & payroll reports for small business peace of mind.,https://finkeepers.us/payroll-assistance,Service + PayrollService
https://finkeepers.us/cashflow-management,Cash Flow Management,Cash Flow Management | Business Finance Planning | Finkeepers,Basic cash flow info,Expert cash flow management & financial planning services. Optimize working capital forecast cash needs & improve business liquidity.,https://finkeepers.us/cashflow-management,Service + FinancialPlanning
https://finkeepers.us/temporary-cfo,Temporary CFO,Temporary CFO Services | Part-Time Finance Executive | Finkeepers,Generic CFO description,Experienced temporary CFO services for growing businesses. Strategic financial leadership planning & analysis without full-time costs.,https://finkeepers.us/temporary-cfo,Service + ExecutiveService
https://finkeepers.us/pricing,Pricing,Affordable Bookkeeping Pricing | Finance Service Plans | Finkeepers,Basic pricing info,Transparent pricing for professional bookkeeping services. Choose from flexible plans designed for small businesses. No hidden fees.,https://finkeepers.us/pricing,Offer + PriceSpecification
https://finkeepers.us/about,About Us,About Finkeepers | Professional Accounting Team | Finance Experts,Generic about page,Meet the Finkeepers team of certified accounting professionals. Dedicated to helping small businesses achieve financial success and growth.,https://finkeepers.us/about,AboutPage + Organization
https://finkeepers.us/contact,Contact,Contact Finkeepers | Get Your Free Finance Consultation Today,Basic contact info,Contact our accounting experts for a free consultation. Professional bookkeeping services tailored to your business needs. Call today!,https://finkeepers.us/contact,ContactPage + LocalBusiness
https://finkeepers.us/blogs,Blog,Finance & Accounting Blog | Business Tips | Finkeepers Insights,Generic blog description,Expert finance tips accounting insights & business advice. Stay informed with Finkeepers' latest articles on bookkeeping and financial management.,https://finkeepers.us/blogs,Blog + CollectionPage
https://finkeepers.us/casestudy,Case Studies,Client Success Stories | Bookkeeping Case Studies | Finkeepers,Basic case study info,Discover how Finkeepers helped businesses improve their financial management. Real case studies showcasing our bookkeeping and financial services success.,https://finkeepers.us/casestudy,CollectionPage + CaseStudy
https://finkeepers.us/account-reconciliation,Account Reconciliation,Account Reconciliation Guide | Professional Bookkeeping | Finkeepers,Generic guide description,Complete guide to account reconciliation for businesses. Learn best practices benefits and how professional reconciliation improves financial accuracy.,https://finkeepers.us/account-reconciliation,Article + HowTo